Radio 1,http://icecast.vrtcdn.be/radio1-high.mp3
Radio 1 Classics,http://icecast.vrtcdn.be/radio1_classics-high.mp3
Radio 1 Lage Landen Lijst,http://icecast.vrtcdn.be/radio1_lagelanden-high.mp3
Radio 2 Limburg,http://icecast.vrtcdn.be/ra2lim-high.mp3
Radio 2 Bene Bene,http://icecast.vrtcdn.be/radio2_benebene-high.mp3
Radio 2 Unwind,http://icecast.vrtcdn.be/radio2_unwind-high.mp3
Klara,http://icecast.vrtcdn.be/klara-high.mp3
Klara Continuo,http://icecast.vrtcdn.be/klaracontinuo-high.mp3
Studio Brussel,http://icecast.vrtcdn.be/stubru-high.mp3
Studio Brussel - De Tijdloze,http://icecast.vrtcdn.be/stubru_tijdloze-high.mp3
Studio Brussel - Zware Gitaren,http://icecast.vrtcdn.be/stubru_bruut-high.mp3
Studio Brussel Vuurland,http://icecast.vrtcdn.be/stubru_tgs-high.mp3
MNM,http://icecast.vrtcdn.be/mnm-high.mp3
MNM Throwback,http://icecast.vrtcdn.be/mnm_90s00s-high.mp3
MNM Hits,http://icecast.vrtcdn.be/mnm_hits-high.mp3
MNM R&Beats,http://icecast.vrtcdn.be/mnm_urb-high.mp3
VRT Ketnet Hits,http://icecast.vrtcdn.be/ketnetradio-high.mp3
Joe,https://streams.radio.dpgmedia.cloud/redirect/joe_fm/mp3
Joe 60's & 70's,https://streams.radio.dpgmedia.cloud/redirect/joe_60s_70s/mp3
Joe 80's & 90's,https://streams.radio.dpgmedia.cloud/redirect/joe_80s_90s/mp3
Joe Easy,https://streams.radio.dpgmedia.cloud/redirect/joe_easy/mp3
Joe Top 2000,https://streams.radio.dpgmedia.cloud/redirect/top2000/mp3
Joe Lage Landen,https://streams.radio.dpgmedia.cloud/redirect/joe_lage_landen/mp3
Qmusic,https://streams.radio.dpgmedia.cloud/redirect/qmusic_be/mp3
Q Top 40,https://streams.radio.dpgmedia.cloud/redirect/qbe_fav40/mp3
Q Workout,https://streams.radio.dpgmedia.cloud/redirect/qbe_thema/mp3
Q Party,https://streams.radio.dpgmedia.cloud/redirect/qbe_dance/mp3
Q 90's,https://streams.radio.dpgmedia.cloud/redirect/qbe_90s/mp3
Q Maximum Hits,https://streams.radio.dpgmedia.cloud/redirect/qbe_nonstop/mp3
Q Foute Radio,https://streams.radio.dpgmedia.cloud/redirect/foute_radio_be/mp3
NRJ,https://playerservices.streamtheworld.com/api/livestream-redirect/NRJBELGIE.mp3
NRJ Non Stop,https://playerservices.streamtheworld.com/api/livestream-redirect/NRJNONSTOP.mp3
Radio 10,http://playerservices.streamtheworld.com/api/livestream-redirect/RADIO10.mp3
Radio 10  60's & 70's Hits,http://playerservices.streamtheworld.com/api/livestream-redirect/TLPSTR18.mp3
Radio 10  80's Hits,http://playerservices.streamtheworld.com/api/livestream-redirect/TLPSTR20.mp3
Radio 10  90's Hits,http://playerservices.streamtheworld.com/api/livestream-redirect/TLPSTR22.mp3
Radio 10  Love Songs,http://playerservices.streamtheworld.com/api/livestream-redirect/TLPSTR04.mp3
Radio 10  Disco Classics,http://playerservices.streamtheworld.com/api/livestream-redirect/TLPSTR23.mp3
Radio 10  Non-Stop,http://playerservices.streamtheworld.com/api/livestream-redirect/TLPSTR15.mp3
Radio 10  Top 4000,http://playerservices.streamtheworld.com/api/livestream-redirect/TLPSTR24.mp3
Radio Veronica,http://playerservices.streamtheworld.com/api/livestream-redirect/VERONICA.mp3
Veronica Non-Stop,http://playerservices.streamtheworld.com/api/livestream-redirect/SRGSTR09.mp3
Veronica Rock Radio,http://playerservices.streamtheworld.com/api/livestream-redirect/SRGSTR11.mp3
Veronica Top 1000 Allertijden,http://playerservices.streamtheworld.com/api/livestream-redirect/SRGSTR10.mp3
538,http://playerservices.streamtheworld.com/api/livestream-redirect/RADIO538.mp3
538 NonStop,http://playerservices.streamtheworld.com/api/livestream-redirect/TLPSTR09.mp3
Sky Radio 101 FM,http://playerservices.streamtheworld.com/api/livestream-redirect/SKYRADIO.mp3
Sky Radio Hits,http://playerservices.streamtheworld.com/api/livestream-redirect/SRGSTR01.mp3
Sky Radio Love Songs,http://playerservices.streamtheworld.com/api/livestream-redirect/SRGSTR03.mp3
Sky Radio Non-Stop@Work,http://playerservices.streamtheworld.com/api/livestream-redirect/SRGSTR24.mp3
Sky Radio 80's Hits,http://playerservices.streamtheworld.com/api/livestream-redirect/SRGSTR04.mp3
Sky Radio 90's Hits,http://playerservices.streamtheworld.com/api/livestream-redirect/SRGSTR05.mp3
Sky Radio Smooth Hits,http://playerservices.streamtheworld.com/api/livestream-redirect/SRGSTR15.mp3
Arrow Rock Radio,    http://stream.arrowcaz.nl/arrowrockradio
Arrow Classic Rock,http://stream.player.arrow.nl/arrow
Candlelight Radio,http://playerservices.streamtheworld.com/api/livestream-redirect/CANDLELIGHT.mp3
Los 40,http://playerservices.streamtheworld.com/api/livestream-redirect/LOS40.mp3
Radio Reloj,http://icecast.teveo.cu/b3jbfThq
